,alpha,gamma,b,loc,scale
0,0.5,0.0,1.479268964188328,-0.0010107955993017379,0.956555168064164
1,0.5,0.1,0.19210808491377357,0.004395708132117333,0.002720635911417155
2,0.5,0.2,0.24507139641046746,0.0004623563641602573,0.01091741807896758
3,0.5,0.30000000000000004,0.1942253918491303,0.0030909187563326022,0.002838876865388187
4,0.5,0.4,0.20662381864662205,0.0006332530184187755,0.004421486935764746
5,0.5,0.5,3.182667246719415,-3.2253897973330297,2.2664183386220165
6,0.5,0.6000000000000001,0.2608377772427971,0.00021952005841610283,0.012653488013198032
7,0.5,0.7000000000000001,1.7262942862452784,-0.0014942146220144124,1.068298082287002
8,0.5,0.8,1.5456952165689288,0.0011329577436931426,1.0499752137811214
9,0.5,0.9,0.24900846829689965,0.004235325878335588,0.011199825279460483
10,0.5,1.0,1.71404045827067,0.0009055901692361745,0.000719897018467363
11,0.5,1.1,0.34937145305741757,-0.04454371121643058,0.04594462698208503
12,0.5,1.2000000000000002,0.24522264190857185,0.00406363761005505,0.008985903461560234
13,0.5,1.3,0.2871517749593615,0.0001572153041737208,0.019591790897527953
14,0.5,1.4000000000000001,1.7369146891423757,-0.0018628027986007513,1.0108826709627623
15,0.5,1.5,1.6772612449035642,-0.0011627734028507488,1.0722609801363672
16,0.5,1.6,0.23892388344171434,0.003812966763089287,0.008200225262897903
17,0.5,1.7000000000000002,0.2961621948106612,0.003987977519247728,0.01923466558335586
18,0.5,1.8,0.25759912029802595,0.004610571635149193,0.011734590932277102
19,0.5,1.9000000000000001,1.4259378761286676,0.00250837544521304,0.0026089523670559884
20,0.5,2.0,0.2368110918039226,-0.0019884055296897868,0.00876808712460302
21,0.5,2.1,0.19591400038459134,0.0004086554938934691,0.0034886310727468067
22,0.5,2.2,106869.68388751952,-107603.58335408306,107604.58614672396
23,0.5,2.3000000000000003,0.25599822116493576,0.0005343621395136963,0.012049341407340774
24,0.5,2.4000000000000004,0.1928849331000971,0.0007206021747912707,0.00364166021137038
25,0.5,2.5,0.17980698219904212,0.005534712597667187,0.0018647533468469646
26,0.5,2.6,0.16778855530564277,0.004335425092920847,0.0009177047659329105
27,0.5,2.7,0.20534120262982708,0.008410579586299618,0.0034879870152562187
28,0.5,2.8000000000000003,0.24817183133586815,0.000422578669074955,0.011003155157348983
29,0.5,2.9000000000000004,11.249478680963477,-10.916211556693778,9.950551638334137
30,0.5,3.0,12.652179208575387,-11.40280005340807,11.407643838042508
31,0.5,3.1,0.25502288965480596,0.00044929734747362765,0.012142683213367061
32,0.5,3.2,0.276460368649831,0.0055016386775991796,0.014752592531833333
33,0.5,3.3000000000000003,1.3118632106590513,0.0019146311266648145,0.000526334694724665
34,0.5,3.4000000000000004,1.0866081564165437,0.002415554627334532,0.0003976193209488546
35,0.5,3.5,1.867927204907632,-0.005061671800612889,0.012466916017871171
36,0.5,3.6,0.23425882747620397,0.0008817159204713587,0.009147937297546843
37,0.5,3.7,5.998932299406082,-5.578979090056655,4.659739045335671
38,0.5,3.8000000000000003,0.20639864814569306,0.00040556422058689887,0.00413854117138765
39,0.5,3.9000000000000004,0.8607967389661246,0.0026608850461222492,0.00024512066410916603
40,0.5,4.0,1.5588714564126942,0.0022272946224024,1.026973699714391
41,0.6,0.0,1.6003070071482548,-0.0001548716413125564,0.9563829819766485
42,0.6,0.1,0.21777076622538183,0.00040242760756770927,0.00529585415297909
43,0.6,0.2,1.430375446062932,0.0010578945966820174,0.0017814569041823222
44,0.6,0.30000000000000004,0.23543073154437616,-0.004142894532583902,0.009216389533926199
45,0.6,0.4,0.27065493166890664,0.00045957002683924103,0.014093398051953332
46,0.6,0.5,0.27346129380933953,-0.006731962784586331,0.016674532161071287
47,0.6,0.6000000000000001,0.21386321417887583,0.00044427458990778845,0.005780751356300002
48,0.6,0.7000000000000001,0.9131768761592425,0.002549140260459529,0.0002649769263800937
49,0.6,0.8,1.4865441462259517,0.0015000471182727323,0.0006066203851442535
50,0.6,0.9,1.2759169335653064,0.0016114539139882663,0.0038461145468676895
51,0.6,1.0,0.22955986702792186,0.0038129582930588844,0.006976253760395717
52,0.6,1.1,0.262414854444258,0.004215252334754721,0.01259121487174036
53,0.6,1.2000000000000002,0.2687694408495944,0.00047177932136072153,0.01383425315595143
54,0.6,1.3,0.22800088769820348,-0.0006723374661853866,0.007100188809840757
55,0.6,1.4000000000000001,0.2874826904562173,-0.02279671773368809,0.02192060496832606
56,0.6,1.5,0.6890340153441279,-0.41673677213818555,0.2628849126784577
57,0.6,1.6,0.5745010586913145,0.002365794811548005,7.824680208235035e-05
58,0.6,1.7000000000000002,0.18117729452092218,0.004382872854820525,0.0019833056256562684
59,0.6,1.8,1.7659427229394704,0.002894124540024573,1.0235553092285725
60,0.6,1.9000000000000001,0.16674369403782147,0.0003938542060274756,0.0013786153171562068
61,0.6,2.0,0.25136947934521126,0.0022494204550867966,0.009836048341310029
62,0.6,2.1,0.30530182650798815,0.002683513566605394,0.0228085479940016
63,0.6,2.2,0.23226238155479056,-0.00316023959738645,0.0077371795300723335
64,0.6,2.3000000000000003,0.3054521910679796,0.008581445958776792,0.018318457399057762
65,0.6,2.4000000000000004,0.29221449847433356,0.0039722430182783375,0.019826136703747967
66,0.6,2.5,61.66719429036695,-31.37807047280728,30.45769670739494
67,0.6,2.6,0.7986449973541427,0.004282773777772718,0.0005281499040750378
68,0.6,2.7,1.108267100230191,0.0023520777941889214,0.0003990476023669283
69,0.6,2.8000000000000003,0.18473632379447863,0.0041303477737521885,0.002592998309593421
70,0.6,2.9000000000000004,0.22886692656879276,0.0035400210847602556,0.00742131088294546
71,0.6,3.0,0.15497502195644192,0.004717595288413399,0.00032289461436039394
72,0.6,3.1,0.22143837863125093,-0.005817318346949974,0.0068809510084974854
73,0.6,3.2,0.21454521595615822,0.000622046225138247,0.0049482659885923645
74,0.6,3.3000000000000003,0.24968235718698115,-0.005788726094205219,0.01122062117843269
75,0.6,3.4000000000000004,0.259203490696996,0.0007607898986478694,0.012115712087249014
76,0.6,3.5,0.28127785380274983,0.004105679769455231,0.01664538904197651
77,0.6,3.6,0.3022571255183137,0.001715851536679765,0.01870625305460765
78,0.6,3.7,0.211539218548368,0.0004072889333039648,0.005000813961702374
79,0.6,3.8000000000000003,0.18026409565629892,0.004351855283384729,0.0018300403295097183
80,0.6,3.9000000000000004,0.2270194401665978,0.002628008713544772,0.007353672544424395
81,0.6,4.0,0.8521775829430052,0.0028532629082278676,0.0002918820268673815
82,0.7,0.0,0.23009976860641546,0.0004741489479957007,0.006901179824788086
83,0.7,0.1,0.21678732519699886,0.0004171236673153018,0.005242723892915402
84,0.7,0.2,0.20718219060230364,0.00047806977375879686,0.0043399204564006
85,0.7,0.30000000000000004,3.123372586440199,-1.6368866330239127,2.6367312358633983
86,0.7,0.4,0.21912322942368348,0.008722690364194274,0.003985966221188841
87,0.7,0.5,1.6156475848328795,-1.0967034894506906e-05,1.0191411124929113
88,0.7,0.6000000000000001,0.17269525156182275,0.00044634687677015715,0.001730351364139817
89,0.7,0.7000000000000001,0.30164762756834884,-0.007626886383557775,0.025361896599004934
91,0.7,0.9,0.2599070918212519,0.00038459267201397204,0.011676800068171041
92,0.7,1.0,17.23973103750575,-17.31380555024993,18.335948693145646
93,0.7,1.1,0.9244077778278712,-0.47697635812235867,0.442876297252317
94,0.7,1.2000000000000002,1.4431737252659502,0.0023973250718667435,0.0028191338461139746
95,0.7,1.3,0.17999361268624586,0.004363018153332201,0.00015326002211793
96,0.7,1.4000000000000001,0.2904254804400134,0.0004961461266970633,0.019631966023321838
97,0.7,1.5,0.23927915769647676,0.00469136571038445,0.009494476513920876
98,0.7,1.6,0.2917295657905694,0.007586494952401759,0.01715850227848524
99,0.7,1.7000000000000002,1.8157884448643795,0.00016927958217581482,0.0019268484104197213
100,0.7,1.8,0.3370280393221239,-0.0031333847179826676,0.032373853852054144
101,0.7,1.9000000000000001,0.6992264412628173,0.010408572717099662,0.0015878414506094105
102,0.7,2.0,0.6510505929168751,0.0036087308141646924,0.0002773387858965988
103,0.7,2.1,0.19037635422260146,0.00038699343522980014,0.0031800463989002663
104,0.7,2.2,0.2086478994579997,0.0004098122491306787,0.004455127554224513
105,0.7,2.3000000000000003,0.23009353382421782,-0.00207288663892774,0.007854553231770065
106,0.7,2.4000000000000004,0.1688697773659016,0.0005753601358113452,0.001783534414804594
107,0.7,2.5,0.2457760347049907,0.004280172510528032,0.010443993498443955
108,0.7,2.6,2.03328996811374,-0.01627939945687523,0.01893193245686959
109,0.7,2.7,0.2272489436354581,0.0004149496355733179,0.006715250689458312
110,0.7,2.8000000000000003,0.3630682400919816,0.004549716940157823,0.000180898757163955
111,0.7,2.9000000000000004,0.3664477363851131,-0.0017696957674333737,0.03903715708641804
112,0.7,3.0,0.27028536336068676,0.0034429770835693804,0.015387218972507496
113,0.7,3.1,1.5887191786718207,0.002856223655085748,1.0281217684208481
114,0.7,3.2,0.17576857460472445,0.00043332293879659416,0.00239441116376471
115,0.7,3.3000000000000003,0.20831257811474407,0.003107505799474204,0.003989048791189538
116,0.7,3.4000000000000004,1.1265144722987372,0.003910910097726948,0.002123895407427261
117,0.7,3.5,0.17356672207416968,0.0003550439507377678,0.0018412094165538998
118,0.7,3.6,0.18798628887208024,0.00033098489465030207,0.002825528263089033
119,0.7,3.7,1.5378549665365155,0.0015250569421893976,0.0004770658894992678
120,0.7,3.8000000000000003,0.28434087197807606,0.004081793611094289,0.017743271313159656
121,0.7,3.9000000000000004,0.3037994623814609,-0.01884801487895231,0.02914607008138838
122,0.7,4.0,0.3039041990091992,-0.021532902251300348,0.026572694089257737
123,0.7999999999999999,0.0,0.24760336602329314,-0.005053978314375235,0.010955457982363172
124,0.7999999999999999,0.1,0.29603728752210007,0.0004500196027413894,0.02123054389623131
125,0.7999999999999999,0.2,0.2285387740896179,0.0016491896107345733,0.007875451041963005
126,0.7999999999999999,0.30000000000000004,0.2624909477955072,0.00034488442620441687,0.012398004166043832
127,0.7999999999999999,0.4,0.18306994263707524,0.0004937496610750393,0.0024094170670176302
128,0.7999999999999999,0.5,2.674863009924973,-0.12351356042515549,0.1335172882025173
129,0.7999999999999999,0.6000000000000001,1.5036447960272834,0.0002746746994568531,1.0216202593077401
130,0.7999999999999999,0.7000000000000001,0.1845660117566462,0.00047834968240767636,0.0030098354400913173
131,0.7999999999999999,0.8,1.8610486436119262,0.0003945775191195595,0.000974153604844026
132,0.7999999999999999,0.9,1.6761089576451198,-0.0009298356402015068,0.9661561200606867
133,0.7999999999999999,1.0,0.19833215113271518,-0.0001868837765147221,0.0038512170719313225
134,0.7999999999999999,1.1,1.1989374662333967,0.002576224879664881,0.009514665250294235
135,0.7999999999999999,1.2000000000000002,0.19001259996858816,8.041448431111203e-05,0.002770998452692533
136,0.7999999999999999,1.3,0.24071546899820917,-0.0024044765916664025,0.009542978905874966
137,0.7999999999999999,1.4000000000000001,0.27299414723465265,0.0004608827862647458,0.014195460860535917
138,0.7999999999999999,1.5,0.20383697746290663,0.0007837850314055153,0.0045820987456058285
139,0.7999999999999999,1.6,0.2774757803456287,0.003618839408134813,0.01274547432344205
140,0.7999999999999999,1.7000000000000002,0.31454079408888824,-0.01601275986723134,0.030299392616203846
141,0.7999999999999999,1.8,1.01577306968335,0.0025367036006050158,0.0003472151941302876
142,0.7999999999999999,1.9000000000000001,1.0507100648041074,0.0025838181568700884,0.0004156947988948656
143,0.7999999999999999,2.0,0.20814949598945542,0.004120019779379069,0.00512617610742951
144,0.7999999999999999,2.1,0.23075195018858535,-0.005322515782183181,0.008286836404909695
145,0.7999999999999999,2.2,0.20802792469477666,0.004367909836719431,0.003638609482603034
146,0.7999999999999999,2.3000000000000003,1.0037825785174717,0.002570173211463707,0.00035037913570832115
147,0.7999999999999999,2.4000000000000004,0.21091836626373933,0.0004167513741555483,0.004984694157606122
148,0.7999999999999999,2.5,1.4978219884234603,-0.000953008103843064,1.0058984510372873
149,0.7999999999999999,2.6,0.24584301943241882,0.0043992334541598154,0.00856945386634514
150,0.7999999999999999,2.7,0.24815532683238012,-0.00037142222555784665,0.012193027175252658
151,0.7999999999999999,2.8000000000000003,0.20751443098680664,0.004101100511271183,0.0046612682999200485
152,0.7999999999999999,2.9000000000000004,0.30350401567639,0.003805219760927802,0.02052770932300269
153,0.7999999999999999,3.0,0.21966015741904538,0.00046656422883307156,0.005756663037031691
154,0.7999999999999999,3.1,0.24397155352359534,0.0005096448438846298,0.009106724093845636
155,0.7999999999999999,3.2,0.2501623654405449,0.0004186173988536227,0.009789777874319304
156,0.7999999999999999,3.3000000000000003,0.28421748229072485,-0.0033643347682163673,0.016177630744364763
157,0.7999999999999999,3.4000000000000004,0.19665093609943268,0.0038075423627325147,0.003258516833298915
158,0.7999999999999999,3.5,0.32082900553279914,-0.018325779874180853,0.02782801476961154
159,0.7999999999999999,3.6,1.453562675747916,-0.0007792226977436103,1.0025101667617204
160,0.7999999999999999,3.7,0.21245037574516545,0.0005601247636971994,0.005161819464236711
161,0.7999999999999999,3.8000000000000003,0.2992628994204778,-0.019977984855825418,0.023653489133603232
162,0.7999999999999999,3.9000000000000004,1.5908211280252087,-0.0018193046193895669,1.0018748765738854
163,0.7999999999999999,4.0,0.1696546151558143,0.00035585730397160397,0.0016606403328064063
164,0.8999999999999999,0.0,0.21440393649806627,0.0003555745203939095,0.0043678649529202505
165,0.8999999999999999,0.1,0.3469564261987198,-0.0032921516283112087,0.037485155707896234
166,0.8999999999999999,0.2,0.1981885878954815,9.088537716181736e-05,0.003340654154309497
167,0.8999999999999999,0.30000000000000004,0.2155475634744144,0.0003278750083456685,0.005410999641441382
168,0.8999999999999999,0.4,2.8967709617260358,-0.1351465594317806,0.13363358778834822
169,0.8999999999999999,0.5,0.3332494110724554,0.0007438663746848629,0.02542358710127582
170,0.8999999999999999,0.6000000000000001,1.472287602869558,-6.137213142603253e-07,1.0528231911824966
171,0.8999999999999999,0.7000000000000001,0.36798896862027447,-0.017984087095390483,0.03443551475510252
172,0.8999999999999999,0.8,0.15241484638327424,0.0003570084893527323,0.0008389771078962439
173,0.8999999999999999,0.9,0.2946336691288747,-0.004130100524039733,0.022162704394892596
174,0.8999999999999999,1.0,11.432349455676047,-10.877285609906757,11.884355589945873
175,0.8999999999999999,1.1,0.31135479396756427,-0.0007930025208733397,0.02683732597283587
176,0.8999999999999999,1.2000000000000002,0.26369819689339036,0.004150468721838919,0.011790768522387376
177,0.8999999999999999,1.3,0.24222264336541832,0.00056189500140979,0.009360444522877197
178,0.8999999999999999,1.4000000000000001,2.0044178609873398,-0.00784417754888038,0.01054199162878941
179,0.8999999999999999,1.5,1.526906206295803,-0.0007452885806270994,0.9699045822501249
180,0.8999999999999999,1.6,0.269140333928491,-0.00422349612598916,0.01658578554975162
181,0.8999999999999999,1.7000000000000002,0.2296782905145358,-0.00024457178470256114,0.007008246905644645
182,0.8999999999999999,1.8,214.09786281447532,-176.1076728152475,175.2916300281181
183,0.8999999999999999,1.9000000000000001,0.21824618055372313,0.00044238074645438217,0.005713198786565805
184,0.8999999999999999,2.0,0.2373503148133405,0.00044613686827343343,0.008391006576988096
185,0.8999999999999999,2.1,0.21138776800879883,0.00041305016204383336,0.006021513726053111
186,0.8999999999999999,2.2,0.6328218214763086,0.004636213231490964,0.0004057918648896153
187,0.8999999999999999,2.3000000000000003,1.6583614375467448,-0.0013902066751597855,1.068133336694841
188,0.8999999999999999,2.4000000000000004,1.5009988831016177,0.0014830217252385434,0.005304394387294551
189,0.8999999999999999,2.5,0.24453327684553144,0.00023955568840770922,0.00873052870225666
190,0.8999999999999999,2.6,0.18342720874688018,0.0019804483095399537,0.0023744267988596622
191,0.8999999999999999,2.7,1.8064888246564013,-0.003899186429495641,1.0874553781422587
192,0.8999999999999999,2.8000000000000003,1.435341649241126,1.4137320743720587e-05,0.999991770344032
193,0.8999999999999999,2.9000000000000004,0.2022291909873335,0.0038979239515629337,0.0035221797207456978
194,0.8999999999999999,3.0,0.23563326998400932,-0.00039264953850936895,0.008675595527719442
195,0.8999999999999999,3.1,0.16120518978204068,0.000481303440764508,0.0011430473710325071
196,0.8999999999999999,3.2,0.23581138710146726,0.0011844813014330775,0.00828190987583613
197,0.8999999999999999,3.3000000000000003,0.1685726648981366,0.004933517438360726,0.0009686988969018582
198,0.8999999999999999,3.4000000000000004,0.26921837876561006,-0.015835690829988876,0.017181733570834246
199,0.8999999999999999,3.5,81467.7606616242,-88374.87215441358,88375.88329121863
200,0.8999999999999999,3.6,0.2844757761077572,0.00042260414256226574,0.0176442101865954
201,0.8999999999999999,3.7,0.2947436716776623,0.004206583379415488,0.021524779182158213
202,0.8999999999999999,3.8000000000000003,0.21914726369987597,0.002442075551376882,0.005077999876066061
203,0.8999999999999999,3.9000000000000004,0.23726584155571084,0.0003809178837779711,0.007869463694435527
204,0.8999999999999999,4.0,1.2285875720499133,0.0019123497179854296,0.00311162556412421
205,0.9999999999999999,0.0,0.20823080395796817,0.0004982592809892503,0.005340694464900055
206,0.9999999999999999,0.1,0.22467656471135555,0.000416828301041668,0.006601653454971029
207,0.9999999999999999,0.2,1.314938526199154,0.001811748105675103,0.8896626139052047
208,0.9999999999999999,0.30000000000000004,0.2734449547152874,0.0004218386798173616,0.015341345134134737
209,0.9999999999999999,0.4,0.27241845731023695,0.0010465045413356518,0.01557604599429754
210,0.9999999999999999,0.5,1.2327239171059694,0.0023096974178833064,0.0019134136276010602
211,0.9999999999999999,0.6000000000000001,0.1872732071549985,0.00038613505574553234,0.002925507475012183
212,0.9999999999999999,0.7000000000000001,1.4634621358696975,0.00020696414874249878,1.053967331630994
213,0.9999999999999999,0.8,0.23434569395308597,-0.0035490044637532187,0.008244162821987585
214,0.9999999999999999,0.9,0.23214445510745219,0.001963266706957817,0.008104189838083536
215,0.9999999999999999,1.0,31.70600831980584,-9.736858859841767,8.951223614436158
216,0.9999999999999999,1.1,0.6272264617069947,0.00759536246065985,0.0012061345142897221
217,0.9999999999999999,1.2000000000000002,0.28036319731599213,0.00046996474720414937,0.015533749706575273
218,0.9999999999999999,1.3,1.6517418750934332,-0.002188647701399726,1.1031793607874878
219,0.9999999999999999,1.4000000000000001,0.21367221127848723,-0.0008925499209579092,0.005209040070484288
220,0.9999999999999999,1.5,1.575416235797782,-0.001726971830993819,1.0609387436942455
221,0.9999999999999999,1.6,0.3163747029090081,0.0048916380385277194,0.02762132931974348
222,0.9999999999999999,1.7000000000000002,1.2989426243948796,0.0017764910390333985,0.002122007820924975
223,0.9999999999999999,1.8,1.5822269556246042,0.000644773129985197,1.020325291937883
224,0.9999999999999999,1.9000000000000001,1.6358848814474065,-0.0010686580329872138,1.0258383775124618
225,0.9999999999999999,2.0,0.3154912760520374,-0.03222275417119026,0.026348541277463063
226,0.9999999999999999,2.1,0.28850536509654784,0.0004311771226050275,0.019108003181345153
227,0.9999999999999999,2.2,0.20270818829354365,0.0004537499982790592,0.0044566196615982035
228,0.9999999999999999,2.3000000000000003,0.27887119475137534,0.004006087977283301,0.018926277409853434
229,0.9999999999999999,2.4000000000000004,1.5554549555447998,-0.001284141539597527,1.057221988803084
230,0.9999999999999999,2.5,0.28081739571914854,0.004257691255088375,0.016311902210533594
231,0.9999999999999999,2.6,0.23337638834618485,-0.004752644309169194,0.009939491380036237
232,0.9999999999999999,2.7,0.2083467692472475,0.004284819818407666,0.004445377865469765
233,0.9999999999999999,2.8000000000000003,0.19729732638782257,0.0003975704392764572,0.003983004312375454
234,0.9999999999999999,2.9000000000000004,0.28648518730243927,-0.02129864028893107,0.025034259224905243
235,0.9999999999999999,3.0,0.2290117762861787,0.006976378150323149,0.006171016834809064
236,0.9999999999999999,3.1,1.4682468176373855,0.00035600347512367405,1.0339160231736475
237,0.9999999999999999,3.2,0.2337510094084757,0.00041271395010910206,0.008215008772379875
238,0.9999999999999999,3.3000000000000003,0.1957176571533618,0.0041086132115360705,0.003454485231432329
239,0.9999999999999999,3.4000000000000004,0.19777744469920783,0.0003969593964710587,0.004037254844222213
240,0.9999999999999999,3.5,0.3455640311643343,-0.01460044632146364,0.0399105252461969
241,0.9999999999999999,3.6,0.1815197697428449,0.0042605911556908155,0.0018643367925603995
242,0.9999999999999999,3.7,0.19311557322406986,0.0014111204185149914,0.0038556880739178514
243,0.9999999999999999,3.8000000000000003,0.22081608813550374,0.002213523434080384,0.007357835653160537
244,0.9999999999999999,3.9000000000000004,1.7399426821103852,-0.0015148713924237301,1.002782610316285
245,0.9999999999999999,4.0,0.3262690950869779,-0.006790238666217341,0.032900649454701045
246,1.0999999999999999,0.0,0.28496767780125043,-0.0013926857299639884,0.023144044261398433
247,1.0999999999999999,0.1,2.339608255627411,-0.5641502147206148,1.6269584778251338
248,1.0999999999999999,0.2,0.2813331967241023,0.003997381743584804,0.01637100240517768
249,1.0999999999999999,0.30000000000000004,1.416843489130597,-0.0003723078176424249,0.9698045763077585
250,1.0999999999999999,0.4,0.26730719654022517,0.008636434882752297,0.009585573428488805
251,1.0999999999999999,0.5,1.6339313713260466,0.0013783009438972675,1.0492978565328666
252,1.0999999999999999,0.6000000000000001,0.3199148676889081,-0.02504537503303697,0.02957096650404748
253,1.0999999999999999,0.7000000000000001,0.18825861532644017,0.0026687320188262505,0.002629515825632896
254,1.0999999999999999,0.8,0.24731031866145442,-0.0069471224508501975,0.010651641820875538
255,1.0999999999999999,0.9,0.2704205820356363,-0.002487023413037518,0.014287949549323227
256,1.0999999999999999,1.0,0.27197098197050884,-0.003588256040516925,0.015112607945451731
257,1.0999999999999999,1.1,1.452827164983161,0.00034618159139652527,0.0025865601430873682
258,1.0999999999999999,1.2000000000000002,0.24348325907144946,0.0005174659497588691,0.008799032030043688
259,1.0999999999999999,1.3,0.24378344602708799,0.004350093386415729,0.009348997868176567
260,1.0999999999999999,1.4000000000000001,0.20759163362731942,0.0009565370723079486,0.004054051364151287
261,1.0999999999999999,1.5,0.2827206223724163,0.0038110903982494218,0.01295136143093695
262,1.0999999999999999,1.6,1.544118206336155,-0.0005546071389725285,0.9944193492166544
263,1.0999999999999999,1.7000000000000002,1.5044412194217363,-0.00786863298398284,0.01582480711244348
264,1.0999999999999999,1.8,0.7346401480064304,0.004147910663567224,0.00041042509192251313
265,1.0999999999999999,1.9000000000000001,0.27181732478201337,-0.011427982153743778,0.015348603762926138
266,1.0999999999999999,2.0,0.2002603821899595,0.006070555451576288,0.0036454683886131237
267,1.0999999999999999,2.1,0.19191160425902437,-0.0017222819625652937,0.003801935054098792
268,1.0999999999999999,2.2,0.2767830104850344,0.0005580911084450662,0.01588532527240162
269,1.0999999999999999,2.3000000000000003,0.32426601701442626,-0.02436569672680866,0.034113732759922216
270,1.0999999999999999,2.4000000000000004,0.2545552150378745,0.002964787895579647,0.010644667227941614
271,1.0999999999999999,2.5,0.20471344106663092,0.0026630403776297445,0.004724722501926142
272,1.0999999999999999,2.6,0.23536076961588515,0.006401080743801306,0.007481783767074375
273,1.0999999999999999,2.7,0.23172526718689238,0.0003993742932862598,0.00809525676926844
274,1.0999999999999999,2.8000000000000003,0.26779236029353537,-0.02218484483867176,0.018548868517792635
275,1.0999999999999999,2.9000000000000004,1.6796696175290844,-0.0008179484039459719,1.0756429517132728
276,1.0999999999999999,3.0,1.7910723850742496,-0.001658902860708866,1.0694296280953273
277,1.0999999999999999,3.1,0.2162257494071803,0.00043894970510071794,0.005240607364522573
278,1.0999999999999999,3.2,0.890149031914571,0.005762424724340416,0.0019670146730080117
279,1.0999999999999999,3.3000000000000003,0.308729163003825,0.004033902787786411,0.022542650655086482
280,1.0999999999999999,3.4000000000000004,1.5213159276501482,-0.0010334284748323682,1.00518287674634
281,1.0999999999999999,3.5,0.20810244512553847,0.011234142839416499,0.0022117048629649648
282,1.0999999999999999,3.6,0.37935213487020547,3.758729873953836e-05,0.040807795797672686
283,1.0999999999999999,3.7,8.678852666189286,-7.298025532099196,8.307865812962635
284,1.0999999999999999,3.8000000000000003,0.25613836754093156,0.0024302646312134237,0.011717022690337395
285,1.0999999999999999,3.9000000000000004,0.19666203081884287,0.009789007274776756,0.0010925672192168105
286,1.0999999999999999,4.0,0.19273702077985602,0.00034976220458785023,0.0032607041320304167
287,1.1999999999999997,0.0,1.4498489581241487,0.0009479919910583385,1.0492019396429157
288,1.1999999999999997,0.1,0.21349062838062605,0.00041350216474850564,0.005476329422514798
289,1.1999999999999997,0.2,34.819680749984116,-48.24068059939512,49.25625456425678
290,1.1999999999999997,0.30000000000000004,0.2762758295629052,-0.005739599045808159,0.018000234058406707
291,1.1999999999999997,0.4,0.8974920004868173,0.005153633102063146,0.0015643014706435015
292,1.1999999999999997,0.5,0.25275909521975387,0.00048508464669633385,0.010739872949605128
293,1.1999999999999997,0.6000000000000001,1.7609508376503293,-1.63536954997769e-05,0.0025087815445471607
294,1.1999999999999997,0.7000000000000001,1.2493816434059082,-0.0015064973344354757,0.9874216150313866
295,1.1999999999999997,0.8,0.20104216507656664,0.010109919937417187,0.001072443992170896
296,1.1999999999999997,0.9,1.4036479813774583,0.002537126095796353,0.004911390261454308
297,1.1999999999999997,1.0,1.384089534213897,0.0021424075003682215,0.002400920229698852
298,1.1999999999999997,1.1,1.4024335469205043,-0.0007411952190421102,0.968657492427042
299,1.1999999999999997,1.2000000000000002,1.5386791406548244,0.0015254885597406754,0.0023258171997084355
300,1.1999999999999997,1.3,0.19975857536317654,0.0004225831656400723,0.00384783827358289
301,1.1999999999999997,1.4000000000000001,1.5834095140749547,-0.0013326088747474991,1.0038605244486936
302,1.1999999999999997,1.5,0.2898435380925606,-0.005175888634721817,0.020361764861309653
303,1.1999999999999997,1.6,0.16887502354861222,0.0002476670819965917,0.0012822480723752303
304,1.1999999999999997,1.7000000000000002,1.2493297953804725,0.002200136447915591,0.0018711509002093216
305,1.1999999999999997,1.8,0.20293148143285306,0.0003495467242376659,0.0036924585952925635
306,1.1999999999999997,1.9000000000000001,0.25337743781543226,0.00041341236417617657,0.010583090180799563
307,1.1999999999999997,2.0,0.23028026492403586,0.00045808355266043963,0.006377745686196337
308,1.1999999999999997,2.1,0.229645132075339,0.00025727069052110366,0.008155816383231854
309,1.1999999999999997,2.2,0.9935888385535628,0.006721658325252549,0.002115143029449941
310,1.1999999999999997,2.3000000000000003,0.30953777036632524,-0.008381384676194203,0.024409935547758155
311,1.1999999999999997,2.4000000000000004,1.4363130955691845,6.472792353712075e-05,0.0034856228348847354
312,1.1999999999999997,2.5,1.6960640490428607,0.00048629388917711226,1.0532963031639082
313,1.1999999999999997,2.6,0.22485253912033049,0.004339872743214306,0.0072015513834226465
314,1.1999999999999997,2.7,0.24014415670510936,0.004617961156300048,0.008810525723636388
315,1.1999999999999997,2.8000000000000003,0.20790451401595453,-0.00024272425629573736,0.0046028505419102445
316,1.1999999999999997,2.9000000000000004,0.18553483002347593,-0.00030353985696145104,0.003044828434645901
317,1.1999999999999997,3.0,0.2623136717161979,0.0005087626082274561,0.012509034637177865
318,1.1999999999999997,3.1,0.2363845655566098,0.0003412080699749448,0.009842491133800391
319,1.1999999999999997,3.2,0.2324517910832659,0.0004321167034891054,0.007671411459177677
320,1.1999999999999997,3.3000000000000003,0.21789202134543878,0.005024829047205019,0.00509683021169705
321,1.1999999999999997,3.4000000000000004,0.24545947593562828,-0.00030172438855906726,0.010463271416730827
322,1.1999999999999997,3.5,0.1921841356694693,0.00037513539978713316,0.002960163780236286
323,1.1999999999999997,3.6,1.6149643717273685,0.0007325062269921041,1.0525261315916263
324,1.1999999999999997,3.7,0.2565925268299525,0.0004328217691644224,0.01169277014874354
325,1.1999999999999997,3.8000000000000003,0.984776599839291,0.005832603374612392,0.0033042356710829
326,1.1999999999999997,3.9000000000000004,0.17859276606535235,0.0004023839509848179,0.002155890451491978
327,1.1999999999999997,4.0,0.5942890170325339,0.006737834925077731,0.0008244628098548053
328,1.2999999999999998,0.0,1.206903245353574,0.0001630931820338715,0.9535295537010595
329,1.2999999999999998,0.1,1.3161959580725378,0.0006741741612381688,1.049952091550288
330,1.2999999999999998,0.2,1.3311072574960003,-2.223422929490717e-05,1.0000456958571302
331,1.2999999999999998,0.30000000000000004,0.27463850104272924,-0.005471755143490345,0.011234425614907072
332,1.2999999999999998,0.4,0.22474085481604564,0.00022159806140570592,0.006389790532611579
333,1.2999999999999998,0.5,1.3277147583718012,-0.000864451275826715,1.0101255297800926
334,1.2999999999999998,0.6000000000000001,1.7455643537298338,-0.00011090100492372663,0.0027208391396767815
335,1.2999999999999998,0.7000000000000001,0.19117113604822034,0.0004189472214659619,0.0027553653365455615
336,1.2999999999999998,0.8,0.24225534428813955,-0.005489192261057678,0.008771215047076624
337,1.2999999999999998,0.9,4.283430122515264,-3.0468201286356145,4.116051912030265
338,1.2999999999999998,1.0,0.20274857990529666,0.00034605324776885624,0.003858326133757111
339,1.2999999999999998,1.1,0.4185653387940407,0.005740132522851231,0.000353008225145745
340,1.2999999999999998,1.2000000000000002,1.4408679482130173,-0.0014641571167650132,1.0666610697761474
341,1.2999999999999998,1.3,0.27068612949984105,-0.00017964573081215193,0.014197212405604152
342,1.2999999999999998,1.4000000000000001,1.5146255030425415,-0.0017959754522507147,1.1165089587623225
343,1.2999999999999998,1.5,0.3377546881235265,0.004197525979095841,0.00011502048440385823
344,1.2999999999999998,1.6,0.2691232327117151,0.0004394188889335733,0.011891407604928295
345,1.2999999999999998,1.7000000000000002,0.22780584879197013,0.003951413453184033,0.007081119995218473
346,1.2999999999999998,1.8,0.3002424082885893,-0.003385639605043093,0.022495257601257236
347,1.2999999999999998,1.9000000000000001,0.26465583555157485,0.005152394868615755,0.012234058965003902
348,1.2999999999999998,2.0,1.5458790119544088,-0.0010272688624303763,0.9526178744780018
349,1.2999999999999998,2.1,0.18608062299771144,0.004321517363680198,0.0024008838717662195
350,1.2999999999999998,2.2,2.1592569774384556,-0.017258567639207585,0.018945057574332604
351,1.2999999999999998,2.3000000000000003,0.2344043176691093,0.0004241132477012463,0.007774950422066979
352,1.2999999999999998,2.4000000000000004,0.21450867159191117,-0.00011057687130866972,0.005446936556084235
353,1.2999999999999998,2.5,0.196578473298743,0.00042362429799658796,0.003576051558070682
354,1.2999999999999998,2.6,0.21288013795507238,0.004201252821285625,0.005026415019525235
355,1.2999999999999998,2.7,1.4197210308311519,-0.0007890666176932864,1.0115042630545825
356,1.2999999999999998,2.8000000000000003,0.2276158648908111,0.0004134166129893921,0.0069273145716099785
357,1.2999999999999998,2.9000000000000004,1.505126448616057,-0.0009868903679742201,1.0062112917911907
358,1.2999999999999998,3.0,0.2927050825608346,-0.02121854051411274,0.024677940822764505
359,1.2999999999999998,3.1,0.19421527115340897,0.00040938255290775356,0.0039293260078154
360,1.2999999999999998,3.2,0.288178552382796,-0.019938492805363275,0.022860606209904856
361,1.2999999999999998,3.3000000000000003,1.5373045468328477,-0.0012117378518198244,0.9563589104572485
362,1.2999999999999998,3.4000000000000004,0.257287167014001,0.0004316061278978981,0.01135142278461804
363,1.2999999999999998,3.5,1.6094473698184886,0.000923683094549109,0.0010880150424066714
364,1.2999999999999998,3.6,0.25565607322133155,0.007987181150303533,0.011834704101114786
365,1.2999999999999998,3.7,0.2198018923899051,0.0004014988410739015,0.00609248137957987
366,1.2999999999999998,3.8000000000000003,0.2827430977706282,0.00047712540373242375,0.019452273869066193
367,1.2999999999999998,3.9000000000000004,0.1719473695684104,0.00017703473774434794,0.0018462553661968539
368,1.2999999999999998,4.0,17.40364642930797,-17.558847943513836,17.56659456382596
369,1.4,0.0,0.2625218020236481,0.00039184272220963074,0.009723369176054635
370,1.4,0.1,13.075015189843956,-20.19769874059402,21.265842748408495
371,1.4,0.2,0.2973643428051383,-0.018020332923079283,0.02068029739332016
372,1.4,0.30000000000000004,0.7756580629057559,0.013772360109919387,0.004363171769629708
373,1.4,0.4,1.474437173996451,-0.009825297329745603,0.02335885201695792
374,1.4,0.5,0.3130510922598303,-0.010696094889918432,0.01935026714375386
375,1.4,0.6000000000000001,1.5792936391967132,0.0015971432481379638,1.01332970858026
376,1.4,0.7000000000000001,1.5621475182273403,0.0013933581257236337,0.0012934976608076486
377,1.4,0.8,0.29150530064925817,-0.002233080121687793,0.021531772184812944
378,1.4,0.9,1.4548390973986094,0.0009579720575425259,1.049238392715191
379,1.4,1.0,0.23256191369803492,-0.0013746383732003771,0.005960654955601842
380,1.4,1.1,1.2301788154962998,4.546467016319223e-05,1.0528207508254157
381,1.4,1.2000000000000002,0.20996962027889804,0.00034506660629180484,0.004365184472933701
382,1.4,1.3,1.515946137003211,0.00033110798221956217,1.0210339050421304
383,1.4,1.4000000000000001,1.5914096810471339,-0.0012164075447082291,1.0681620210588205
384,1.4,1.5,0.43089561109458396,0.0070372907609082495,0.0005512703732653496
385,1.4,1.6,0.2440912958252624,0.015046101664633129,0.0031675903289843737
386,1.4,1.7000000000000002,0.2569551559518045,-0.0034377859222379983,0.011050832034631466
387,1.4,1.8,0.22354174666699983,-0.0007713303119538135,0.006518487432221126
388,1.4,1.9000000000000001,0.25198096268143155,0.00420001915071294,0.008598668075254702
389,1.4,2.0,0.2204838219926212,0.0016328586693264632,0.006224648206679003
390,1.4,2.1,0.28323087419245796,-0.014792361467808901,0.021599791588220257
391,1.4,2.2,0.42930683348499477,0.003840069123459658,0.00016522317236124056
392,1.4,2.3000000000000003,0.20463746628235657,-4.623421626562832e-05,0.004179446619581981
393,1.4,2.4000000000000004,0.27781516387773364,0.0016021714227362326,0.016591143883195086
394,1.4,2.5,0.21915970968481874,0.0001504138469591441,0.005713901319209873
395,1.4,2.6,0.2306801485502044,0.009347863395049588,0.005361213933112384
396,1.4,2.7,0.28920454570661647,-0.021378785423323478,0.02337223467971712
397,1.4,2.8000000000000003,0.27439664947322784,-0.013814386718111051,0.0196206772344156
398,1.4,2.9000000000000004,0.2025971272301016,0.009106950091190311,0.0020134274978635246
399,1.4,3.0,0.16927297964195462,7.029098058658917e-05,0.0020111043897193467
400,1.4,3.1,0.6853672900859142,0.015802110093529834,0.003229471840698094
401,1.4,3.2,0.22502574622028942,0.0005368883612089849,0.007442908438714882
402,1.4,3.3000000000000003,0.23413793425018947,0.0019848678082817683,0.008234312784913964
403,1.4,3.4000000000000004,0.31709330104656763,-0.0076803124306825555,0.023230063542853237
404,1.4,3.5,1.0581568402475618,0.003630322795193307,0.0016658959259353338
405,1.4,3.6,295.2941552674845,-341.04215291069386,342.107577797486
406,1.4,3.7,0.25964210955776046,0.0007340604082310333,0.015214838738670623
407,1.4,3.8000000000000003,1.4442496658556268,-0.000763648671744408,0.9064351558198325
408,1.4,3.9000000000000004,0.21901468268457422,0.000859924636976102,0.006833917475444389
409,1.4,4.0,0.2113073694544575,0.00013970693819779175,0.00547265786805835
410,1.4999999999999998,0.0,1.236239467472295,-0.0003139869861908636,1.0695366387002245
411,1.4999999999999998,0.1,1.4002957363584416,-0.0006268502881883607,0.9580626778861308
412,1.4999999999999998,0.2,1.2747055545304327,-0.00021524270120973663,1.0022423318733056
413,1.4999999999999998,0.30000000000000004,1.1915058606424567,0.000370616608586241,0.9825157488192682
414,1.4999999999999998,0.4,0.2410420958251353,0.003743705589812514,0.007033575971257173
415,1.4999999999999998,0.5,1.1000461782460738,0.4081460820053808,0.7356835087970206
416,1.4999999999999998,0.6000000000000001,1.3649662221643144,-0.0024017654204952785,1.1416861677836656
417,1.4999999999999998,0.7000000000000001,0.31871205600329566,-0.02083794947087191,0.020544572660145755
418,1.4999999999999998,0.8,1.4137315460639002,-0.0006262789026034578,1.0582253172781624
419,1.4999999999999998,0.9,1.534580577974522,-0.0014324311487930773,0.005622678914048091
420,1.4999999999999998,1.0,1.4056260504818425,0.0025185755885523122,0.003947044541218507
421,1.4999999999999998,1.1,7.859212407089132,-9.259244983520038,10.330443412940834
422,1.4999999999999998,1.2000000000000002,1.2619869902904841,-0.000924697743975749,1.1147254756695912
423,1.4999999999999998,1.3,0.315207127793391,-0.0035131107028023743,0.02282548598148934
424,1.4999999999999998,1.4000000000000001,1.4641384384208038,-0.000891735704791833,1.0563211478015448
425,1.4999999999999998,1.5,1.356555212926996,-0.0007436500775310303,1.0580758111078936
426,1.4999999999999998,1.6,0.4802731648418014,0.0023778449668659385,0.00015575078126691435
427,1.4999999999999998,1.7000000000000002,0.33694161497281677,-0.004188349912011773,0.026201728272846093
428,1.4999999999999998,1.8,1.299765570768448,-0.0008031483891705851,1.0666112062946822
429,1.4999999999999998,1.9000000000000001,0.1910085934824678,0.004814039953695939,0.0019538945616820753
430,1.4999999999999998,2.0,0.602644659892702,0.006076871352971255,0.0007350650189588265
431,1.4999999999999998,2.1,0.508081921202284,-0.1243360094322426,0.1270280952338438
432,1.4999999999999998,2.2,0.21984906129850407,0.003569962265481382,0.005289840217311617
433,1.4999999999999998,2.3000000000000003,0.26396116428407523,0.001932663038199538,0.012282974566098323
434,1.4999999999999998,2.4000000000000004,0.29181222359651926,-0.017689158665660617,0.019895672142223146
435,1.4999999999999998,2.5,0.24845121936979453,-0.0035497702227735694,0.011512919076500004
436,1.4999999999999998,2.6,3.7022078570420724,-2.9183378014886454,3.938240002361942
437,1.4999999999999998,2.7,0.2521678294830304,0.0003910151352757105,0.011986967788447798
438,1.4999999999999998,2.8000000000000003,0.25231186066516975,0.0006499821266023111,0.011005638467778203
439,1.4999999999999998,2.9000000000000004,1.593139110064032,-0.0010189266446347543,1.007019262282859
440,1.4999999999999998,3.0,1.3079169157893553,0.002567908380865103,0.00117388137620335
441,1.4999999999999998,3.1,0.22331227684757055,0.0007735209474870953,0.0068036468476769425
442,1.4999999999999998,3.2,0.21517105232297784,0.0023315629311168014,0.006166311761561993
443,1.4999999999999998,3.3000000000000003,0.2168856668329669,0.003650472374670332,0.004845435349872284
444,1.4999999999999998,3.4000000000000004,0.18796002527293737,0.004287420832129917,0.001867487640593172
445,1.4999999999999998,3.5,0.20955412948515684,0.0030314157792237003,0.004801858764145427
446,1.4999999999999998,3.6,0.28869271296430715,-0.005228421233941181,0.018107545219063225
447,1.4999999999999998,3.7,1.2778960375157653,0.0016700686593260263,0.009239303855807776
448,1.4999999999999998,3.8000000000000003,1.5411458170213441,-0.0018059651305094866,1.0627252006849686
449,1.4999999999999998,3.9000000000000004,0.16517324276813572,0.00044307798250535225,0.0013101044545619617
450,1.4999999999999998,4.0,0.1712930763997847,0.0016731540725797261,0.00167581200514888
451,1.5999999999999996,0.0,2.377922297526867,-0.02055827329109153,0.02508873217149388
452,1.5999999999999996,0.1,0.24385023344393608,-0.00021514510060130834,0.006038079836338856
453,1.5999999999999996,0.2,4.978806527861483,-6.667276245218799,7.675667349955965
454,1.5999999999999996,0.30000000000000004,1.1478336759230832,-0.000667009545242599,1.0861974341741263
455,1.5999999999999996,0.4,1.223361947675702,-0.00038130634630259813,1.077197392136581
456,1.5999999999999996,0.5,1.217732417347874,-0.0002079452820618389,0.9933753475888213
457,1.5999999999999996,0.6000000000000001,1.3271320278943808,-0.001004920128878338,1.0492503632630803
458,1.5999999999999996,0.7000000000000001,1.0340349597573235,-0.0008398445302258374,0.8076492537327626
459,1.5999999999999996,0.8,1.209124024803773,-8.130863517422779e-05,1.0356413232144615
460,1.5999999999999996,0.9,0.1523130700941846,-0.035394733797159975,0.021598740826325263
461,1.5999999999999996,1.0,0.47852353359395183,0.008368257547955952,0.0009250275696232067
462,1.5999999999999996,1.1,0.2741946514828536,-0.004843504324374033,0.014192215387406528
463,1.5999999999999996,1.2000000000000002,1.5107122952957135,-0.0007954225017210218,0.9660776507311479
464,1.5999999999999996,1.3,1.2327965094312952,-0.00017669388027386287,1.0724098563615576
465,1.5999999999999996,1.4000000000000001,1.516264505074605,-0.0018235629250455076,1.1292010919866737
466,1.5999999999999996,1.5,0.25692374451471844,-0.003375594772871332,0.008261862827948874
467,1.5999999999999996,1.6,1.362430950999593,-0.0009714240000325133,1.1207263166421155
468,1.5999999999999996,1.7000000000000002,1.2156723156398956,-0.0007726052255917415,1.022037529691676
469,1.5999999999999996,1.8,0.2423854862881984,-0.003269129102924709,0.009093087265468711
470,1.5999999999999996,1.9000000000000001,0.2910284436534364,0.024850243703268035,0.0035768536307086867
471,1.5999999999999996,2.0,0.2986837748522816,0.0019610537215398625,0.017419804907148943
472,1.5999999999999996,2.1,1.4361915814784327,0.0022885237824515374,1.0258599615736326
473,1.5999999999999996,2.2,52.13909159019968,-33.08086722040565,32.439272308785256
474,1.5999999999999996,2.3000000000000003,0.3287558285230656,-0.00031123516032826497,0.021256805650115555
475,1.5999999999999996,2.4000000000000004,0.2759985869124699,0.002075620959880564,0.015509949375411908
476,1.5999999999999996,2.5,0.22509919734361167,0.0015469237177397586,0.006848913111013167
477,1.5999999999999996,2.6,0.22348583893962476,-0.00045885152910038484,0.005717374705899557
478,1.5999999999999996,2.7,0.2127491173355614,0.004054555299576362,0.004673164997862649
479,1.5999999999999996,2.8000000000000003,1.3651357151542614,-0.00034821614481301096,0.9625038898231193
480,1.5999999999999996,2.9000000000000004,0.2302330880985295,-0.0004990866645631291,0.00647157436441945
481,1.5999999999999996,3.0,0.31098092973288916,-0.020995805231536824,0.023795281433090218
482,1.5999999999999996,3.1,1.2513891566134125,9.544853209394407e-05,0.011737384655704296
483,1.5999999999999996,3.2,0.20156888522624056,0.0036910548214491934,0.003720346443563889
484,1.5999999999999996,3.3000000000000003,1.7660826690896765,-0.002127576794051636,0.9973764069532746
485,1.5999999999999996,3.4000000000000004,0.2754260359042139,0.0004733634388535691,0.015445405118386095
486,1.5999999999999996,3.5,1.1765217281205786,0.004305011177413769,0.0058590472513224655
487,1.5999999999999996,3.6,0.20257096227787286,0.003972369353026126,0.003986770935023042
488,1.5999999999999996,3.7,0.20211536014357712,0.00021004458453277507,0.004028136701669149
489,1.5999999999999996,3.8000000000000003,0.20903640385399858,0.0004278012010122057,0.00567138233678397
490,1.5999999999999996,3.9000000000000004,1.4147202073513392,-0.0010287801908397984,1.0703358004682666
491,1.5999999999999996,4.0,0.5053064195935175,0.010308354228904342,0.0012838178872572493
492,1.6999999999999997,0.0,1.119344806030498,0.00038436018144731544,0.8174757742952801
493,1.6999999999999997,0.1,1.074293608395681,0.00010427418345520026,1.0051387750006207
494,1.6999999999999997,0.2,0.24584598868108204,-0.0038564466937317495,0.008394857850947554
495,1.6999999999999997,0.30000000000000004,2.1872565351968865,-0.07582829965058302,0.08220189419758492
496,1.6999999999999997,0.4,1.0686569505006451,1.3761624149896547e-05,1.0757192981006884
497,1.6999999999999997,0.5,1.0777617819645036,-0.00012901947359707184,0.994949414747713
498,1.6999999999999997,0.6000000000000001,0.21258352617536552,0.003657284358155771,0.004188835562726209
499,1.6999999999999997,0.7000000000000001,1.2788119940248444,-0.0055367359820104375,1.1785696583383825
500,1.6999999999999997,0.8,1.380619890809911,-0.001418017165435227,1.0479015879705829
501,1.6999999999999997,0.9,0.2365309649511158,0.001546823157928871,0.006817712720070533
502,1.6999999999999997,1.0,2.811544754329013,-2.6173229277799273,3.6262136879330273
503,1.6999999999999997,1.1,0.2595118975816982,-0.001630649355952975,0.010102405026023862
504,1.6999999999999997,1.2000000000000002,0.16786982050515042,0.0002528323016998727,0.0011750636626580205
505,1.6999999999999997,1.3,1.1595906284989708,-0.0017590787212768471,0.9587057103921597
506,1.6999999999999997,1.4000000000000001,1.4972394639013014,-0.6243444553113972,0.6240775501698721
507,1.6999999999999997,1.5,0.465415807299927,0.011113181823114106,0.0010042346909404495
508,1.6999999999999997,1.6,2.5888195352063095,-2.2801129622253358,3.290679608048026
509,1.6999999999999997,1.7000000000000002,0.3524456103021753,0.013023521869608378,0.0013645550759152957
510,1.6999999999999997,1.8,4.390696350202008,-5.208950124010869,6.274011696291083
511,1.6999999999999997,1.9000000000000001,0.1924821185667766,0.004258338973511347,0.0017467040577258896
512,1.6999999999999997,2.0,1.205435368180876,-0.000715832336277665,1.0227443562313239
513,1.6999999999999997,2.1,1.28328556735988,-0.0003100283018382284,0.9660655348354149
514,1.6999999999999997,2.2,1.2119560075349782,0.0024580635277340643,0.0007721281082584814
515,1.6999999999999997,2.3000000000000003,0.6726553220842177,0.009852600007446626,0.001469082765995639
516,1.6999999999999997,2.4000000000000004,0.2785171768110087,-0.0037273024263278715,0.009107568216046889
517,1.6999999999999997,2.5,0.252879677298233,0.011462544501895846,0.007863038814181217
518,1.6999999999999997,2.6,1.439606806450894,-0.0011704836401322859,1.0223881497169627
519,1.6999999999999997,2.7,0.21648660071207174,-0.001052246991157069,0.005650064016334995
520,1.6999999999999997,2.8000000000000003,0.2170031088547462,-0.0009271827027734344,0.005865509640670933
521,1.6999999999999997,2.9000000000000004,0.20190860043817782,0.0041809838406206105,0.0031859059728756465
522,1.6999999999999997,3.0,0.21668758602386906,0.0035582341312304124,0.004521924881873883
523,1.6999999999999997,3.1,0.20855011118185254,0.00043387970260965326,0.005025914892483061
524,1.6999999999999997,3.2,0.18613589206640602,0.0003945755188620954,0.002573795129025731
525,1.6999999999999997,3.3000000000000003,1.6235567166532785,-0.0029155774135551965,1.0947689441896218
526,1.6999999999999997,3.4000000000000004,1.5930167475706742,-0.0014303731882286527,1.0049017329606906
527,1.6999999999999997,3.5,1.3584410980437691,-0.00024944967846737327,0.9626793095079209
528,1.6999999999999997,3.6,1.5186048327988408,-0.0011317551249957207,1.0073174092819621
529,1.6999999999999997,3.7,1.4822935670237811,-0.0010161114298755432,1.059815989226835
530,1.6999999999999997,3.8000000000000003,0.2380987610785978,0.0004702884836404763,0.00757816504355184
531,1.6999999999999997,3.9000000000000004,1.7235946867968606,-5.2349459079039814e-05,1.0001025063473912
532,1.6999999999999997,4.0,0.21821864653953826,6.282744454095632e-05,0.005914173910129
533,1.7999999999999998,0.0,0.25752660048927245,-0.0036835462397672722,0.009323404284258808
534,1.7999999999999998,0.1,1.212351410920451,0.0009121903549884334,0.9729585049529523
535,1.7999999999999998,0.2,1.085916502202652,0.0001306949097206108,0.9879999033483908
536,1.7999999999999998,0.30000000000000004,1.5312021699615492,0.00025393429612090507,0.0014528453622388606
537,1.7999999999999998,0.4,1.1132417134205306,0.0003350073897707013,0.8449025809008983
538,1.7999999999999998,0.5,1.0321282327046468,0.00026370026985346354,0.9719057283106911
539,1.7999999999999998,0.6000000000000001,1.2008014220308576,-0.000590388414016709,1.122555496921592
540,1.7999999999999998,0.7000000000000001,1.0502213622824268,-0.0002487743391189068,1.0557020099598584
541,1.7999999999999998,0.8,1.0980424374041564,-0.0008083666087200618,1.0620334349638834
542,1.7999999999999998,0.9,1.3250542052898626,-0.002464899977197925,1.1199302310463828
543,1.7999999999999998,1.0,1.0646931982395504,-0.0004902098991950808,1.0401181778860455
544,1.7999999999999998,1.1,1.2458857963467205,0.0005148243104441028,1.0509749224905438
545,1.7999999999999998,1.2000000000000002,1.1956097881402594,-0.000591766403406424,1.022921542742043
546,1.7999999999999998,1.3,0.266030203909137,-0.004574801495390034,0.007682306963986148
547,1.7999999999999998,1.4000000000000001,1.7767195779261606,-0.6050913664649,1.6068274187054314
548,1.7999999999999998,1.5,0.24551526574649907,-0.002904426175625226,0.0068548427678869015
549,1.7999999999999998,1.6,1.0139895194583928,-0.0014458609377620709,1.0815568730513578
550,1.7999999999999998,1.7000000000000002,1.2487581477424219,-0.0011359304373021553,1.0699359986975323
551,1.7999999999999998,1.8,0.30422092509379917,-0.004270068144235497,0.016431706408983844
552,1.7999999999999998,1.9000000000000001,0.24630506170054509,0.004609688274711428,0.007377619806912568
553,1.7999999999999998,2.0,0.21670813177468642,0.00413274566857603,0.0033087591228605066
554,1.7999999999999998,2.1,1.2719242752334519,-0.0007224239302168088,1.105649750855282
555,1.7999999999999998,2.2,0.20341504209600275,0.004244314244844361,0.0027144643034363487
556,1.7999999999999998,2.3000000000000003,1.303042628292376,0.0006644933593627814,1.0248626455337084
557,1.7999999999999998,2.4000000000000004,1.4284853583950863,-1.6765966914090257e-05,1.0526017488931936
558,1.7999999999999998,2.5,1.412433415855204,0.0016524147505181637,0.0007256878159550144
559,1.7999999999999998,2.6,1.3636566873340503,-0.00047175947237994135,1.0709341832628971
560,1.7999999999999998,2.7,1.3365941741796137,0.0016963144720367074,0.0017106258997980684
561,1.7999999999999998,2.8000000000000003,0.22464833288995095,0.0005065276556254128,0.005140581817078858
562,1.7999999999999998,2.9000000000000004,1.615108604658029,-0.004928761900348582,1.1405220823017597
563,1.7999999999999998,3.0,0.561593297945989,0.005026525692072643,0.00042628751696201705
564,1.7999999999999998,3.1,0.3892161308987636,0.0077940255149419255,0.028274391265108854
565,1.7999999999999998,3.2,2.09651017031889,-0.008349474052221462,0.014221002458400155
566,1.7999999999999998,3.3000000000000003,1.583015585514529,0.0005722439984433491,1.016739495226855
567,1.7999999999999998,3.4000000000000004,91.4669239554749,-98.98281603133643,99.98987396940578
568,1.7999999999999998,3.5,1.6550724657638622,0.0013313040349023104,1.0499381025575474
569,1.7999999999999998,3.6,0.3298172740933404,-0.01962208161386915,0.027563174100262662
570,1.7999999999999998,3.7,0.1866743325189965,0.004261479345644446,0.00013820472164156026
571,1.7999999999999998,3.8000000000000003,0.3812442549449158,-0.01926785666669368,0.04436270480486784
572,1.7999999999999998,3.9000000000000004,0.21035010786596364,0.0002729510688111678,0.004867824017455254
573,1.7999999999999998,4.0,1.6341367381466725,-0.0016185249701949152,1.0413182145325126
574,1.8999999999999997,0.0,0.2565584043200845,0.0020907173635911326,0.0079045535530618
575,1.8999999999999997,0.1,1.02069979154072,9.352482149729217e-05,1.0997864110677322
576,1.8999999999999997,0.2,1.207641751484577,0.00045248940848940033,1.0252428278663959
577,1.8999999999999997,0.30000000000000004,1.146263410515181,0.0003404796317229259,1.0258050408091943
578,1.8999999999999997,0.4,0.9444217967032349,0.00023270479201284,0.6125470221145596
579,1.8999999999999997,0.5,1.0199584132215032,-0.0003543273735391939,1.1070301226950945
580,1.8999999999999997,0.6000000000000001,0.9356562640066501,0.00019379469595738873,0.9602512947074888
581,1.8999999999999997,0.7000000000000001,1.2071877867604437,-0.00032536608527562933,1.0560347049529688
582,1.8999999999999997,0.8,0.2965272444927028,-0.017675622322107194,0.020403344340715737
583,1.8999999999999997,0.9,0.96605156778015,0.0002799916475495908,1.0743643977492394
584,1.8999999999999997,1.0,1.0514272871333874,-0.00036078711929085,0.9900708280825938
585,1.8999999999999997,1.1,4.108083946927654,-5.858175550726868,6.964900119426735
586,1.8999999999999997,1.2000000000000002,1.2749680858891668,-0.0003382457771156544,1.0413230703078644
587,1.8999999999999997,1.3,1.006347199457934,7.193326348817788e-05,1.0031452555305278
588,1.8999999999999997,1.4000000000000001,1.1214799321247937,-0.0005412648100546955,1.0628597869082221
589,1.8999999999999997,1.5,0.40785746987626903,-0.05620463041157574,0.05326456585964448
590,1.8999999999999997,1.6,1.0380566513350602,-0.0012798318995821541,1.2095471021566349
591,1.8999999999999997,1.7000000000000002,1.0366325687933435,0.0039231737716221154,0.0018937419076389742
592,1.8999999999999997,1.8,1.4703322010481257,0.0019972254335516096,1.0299852464712216
593,1.8999999999999997,1.9000000000000001,1.116698332880432,1.0357982274707287e-05,1.0525614546608044
594,1.8999999999999997,2.0,1.2923508397220913,-0.0003707810850186867,0.9793144882237663
595,1.8999999999999997,2.1,1.4056030128761758,-0.0003806946361768182,1.074347638463232
596,1.8999999999999997,2.2,0.2788413544656695,-0.012898632795671213,0.015627291788769364
597,1.8999999999999997,2.3000000000000003,1.0253898139994257,0.0017110270964363922,1.1907899786499847
598,1.8999999999999997,2.4000000000000004,0.9921902567304388,0.00012396555021199058,0.9863552664972961
599,1.8999999999999997,2.5,1.20987273328524,-0.0007630504993465492,1.0829877086558195
600,1.8999999999999997,2.6,1.152299931132496,0.015530333102618695,0.9554732966435282
601,1.8999999999999997,2.7,1.2263153459207965,0.00011079023256209129,1.00515739635709
602,1.8999999999999997,2.8000000000000003,1.2574093752344795,0.001222008511974842,0.007714058647360519
603,1.8999999999999997,2.9000000000000004,1.2747041306425761,-0.000683222396421628,1.0782344153393484
604,1.8999999999999997,3.0,0.21833199447241658,0.00913336938657702,0.003123684368835685
605,1.8999999999999997,3.1,1.2652704225341078,0.0003021658037892813,1.0223645714346872
606,1.8999999999999997,3.2,0.2558861660131956,-0.00999078234757311,0.010283755098474595
607,1.8999999999999997,3.3000000000000003,1.165263134532929,0.002869336176579632,0.0021329300540227384
608,1.8999999999999997,3.4000000000000004,1.166288949703901,-0.00011165379696169794,0.9535961362464195
609,1.8999999999999997,3.5,0.19916121677867915,0.00016354308979405564,0.002441895010599394
610,1.8999999999999997,3.6,0.29386585326091264,-0.003133730095692043,0.01837837531096983
611,1.8999999999999997,3.7,0.9910956340925621,0.0027277047316922806,0.00044450085916045135
612,1.8999999999999997,3.8000000000000003,1.2411329902426216,0.002191834420142756,0.0007236154229737146
613,1.8999999999999997,3.9000000000000004,0.30828339263484705,0.003887366404579217,0.01684326802429898
614,1.8999999999999997,4.0,1.4293971499426572,0.003310696435878911,0.006217243056127489
615,1.9999999999999996,0.0,1.147286591926699,0.0003219048090953762,1.0074736017197514
616,1.9999999999999996,0.1,0.9650067705333694,0.0002867334660100123,0.968191736698989
617,1.9999999999999996,0.2,1.0604247408919933,0.00011367946029158564,1.003236243125131
618,1.9999999999999996,0.30000000000000004,1.0067833342503847,0.00031029333608308964,0.9590352724019713
619,1.9999999999999996,0.4,0.9680162325353809,0.0002860610389211982,1.0217778830661723
620,1.9999999999999996,0.5,271.00155168183636,-643.5848176511245,644.6948059549836
621,1.9999999999999996,0.6000000000000001,0.899915587311682,0.000399818254943586,1.0072623122663602
622,1.9999999999999996,0.7000000000000001,0.205923552081525,0.002635648111522975,0.003827880151640322
623,1.9999999999999996,0.8,1.1596589739853798,-4.2606561189710504e-05,1.0369763105336425
624,1.9999999999999996,0.9,1.0068655229659471,0.00013244040460612128,1.098368889654826
625,1.9999999999999996,1.0,1.1187995194627018,-0.0003572701984788069,1.0316563580715168
626,1.9999999999999996,1.1,1.2281768863148852,-0.0008144141009255588,1.1072960488072314
627,1.9999999999999996,1.2000000000000002,0.2520727584480087,0.0044062792994126205,0.010171309804835982
628,1.9999999999999996,1.3,0.967914865257756,0.0005906819812696918,1.0656487687040683
629,1.9999999999999996,1.4000000000000001,0.4493817224553205,-0.046462490883075164,0.06559863597481591
630,1.9999999999999996,1.5,1.0834602814493421,0.0002658939820537931,0.9706061408988476
631,1.9999999999999996,1.6,1.0405826282658177,7.433133109962407e-05,0.9432457030932251
632,1.9999999999999996,1.7000000000000002,1.294147638963727,-0.0009901300061951387,1.108019442459847
633,1.9999999999999996,1.8,0.23554745986937775,0.0024613639059728205,0.005859364473049316
634,1.9999999999999996,1.9000000000000001,1.1524054494313885,-0.0006114857501164717,1.0951601513611937
635,1.9999999999999996,2.0,0.27212453762009375,0.004888150648392975,0.008188727116985973
636,1.9999999999999996,2.1,1.0855440277667336,0.004528278326158017,0.0011493118985999781
637,1.9999999999999996,2.2,0.20624943380207175,0.000594375914735675,0.0028587905737703896
638,1.9999999999999996,2.3000000000000003,1.2057068373959114,-0.0008977964669578207,1.0175224044644824
639,1.9999999999999996,2.4000000000000004,0.36106408751618635,0.004622075688770549,0.027504387485616073
640,1.9999999999999996,2.5,1.1530657539355298,4.865816886503264e-05,0.974539593348646
641,1.9999999999999996,2.6,3.017977127990126,-4.067311975156965,5.128654098427478
642,1.9999999999999996,2.7,1.2362063211559966,-0.0014221884278598678,1.1549786000349966
643,1.9999999999999996,2.8000000000000003,0.5798587699552309,0.007132734147487352,0.0009373824231945001
644,1.9999999999999996,2.9000000000000004,0.20995450273651367,0.0004800867956849021,0.0029471021192360248
645,1.9999999999999996,3.0,1.3804486767092183,-9.294733545221181e-05,1.0367598172750903
646,1.9999999999999996,3.1,0.36939590453958926,-0.0020291904835997975,0.03623796922237871
647,1.9999999999999996,3.2,1.4444263991229291,-0.0009756876933480106,1.070026273738181
648,1.9999999999999996,3.3000000000000003,0.2057024581298773,-0.0006493811219565034,0.0043419319442030944
649,1.9999999999999996,3.4000000000000004,1.5797492892216405,0.00041074062241650987,1.0525111249667805
650,1.9999999999999996,3.5,1.4743055877095061,5.6334419845804556e-06,1.0532184622148186
651,1.9999999999999996,3.6,0.38216993848170433,0.008203634781514726,0.0007429264163009437
652,1.9999999999999996,3.7,1.5831865893392005,0.0012442516057550898,0.0008404878799226083
653,1.9999999999999996,3.8000000000000003,1.5180320206558875,-0.0004097368058816562,1.0106220872489822
654,1.9999999999999996,3.9000000000000004,1.570014838622296,0.0002283277788679992,1.0044613829798854
655,1.9999999999999996,4.0,1.9331493208788277,-0.0009154483030615778,1.0730761952126102
